City,Lat,Lng,Max Temp,Humidity,Cloudiness,Wind Speed,Country,Date
Ambon City,-3.6954,128.1814,78.94,83,20,1.14,ID,1654640184
Arrondissement de Troyes,48.3333,4.0833,57.25,88,0,5.75,FR,1654640185
Ushuaia,-54.8,-68.3,44.26,57,20,12.66,AR,1654640185
George Town,5.4112,100.3354,80.53,83,20,0.0,MY,1654639916
Faanui,-16.4833,-151.75,79.52,76,25,12.93,PF,1654640185
Yanam,16.7333,82.2167,86.41,68,92,7.47,IN,1654640186
Nikolskoye,59.7035,30.7861,54.88,64,34,4.09,RU,1654640186
Cabadiangan,9.7531,122.4739,78.44,86,23,1.99,PH,1654640186
Kapaa,22.0752,-159.319,82.38,75,40,11.5,US,1654640187
Mataura,-46.1927,168.8643,49.48,86,22,3.33,NZ,1654640187
Arraial do Cabo,-22.9661,-42.0278,71.46,83,0,3.44,BR,1654640187
Sarlat-la-Canéda,44.889,1.2166,57.92,79,100,1.36,FR,1654640188
Busselton,-33.65,115.3333,56.91,54,100,18.75,AU,1654640188
Wahiawā,21.5028,-158.0236,82.76,58,75,14.97,US,1654640188
Ostrovnoy,68.0531,39.5131,49.01,81,88,7.27,RU,1654640189
Belaya Gora,68.5333,146.4167,49.48,39,9,9.66,RU,1654640189
Port Elizabeth,-33.918,25.5701,61.32,66,0,2.3,ZA,1654640189
Provideniya,64.3833,-173.3,39.31,87,20,11.18,RU,1654640189
Promissão,-21.5367,-49.8581,75.79,53,78,10.65,BR,1654640190
Bredasdorp,-34.5322,20.0403,61.66,38,0,4.07,ZA,1654640190
Saint Paul Harbor,57.79,-152.4072,53.11,71,100,4.61,US,1654640190
Cherskiy,68.75,161.3,46.81,58,99,6.55,RU,1654640191
College,64.8569,-147.8028,73.38,30,20,10.36,US,1654640191
Sarishābāri,24.7333,89.8333,81.59,88,96,9.93,BD,1654640191
Thompson,55.7435,-97.8558,68.16,37,75,6.91,CA,1654640191
Sambava,-14.2667,50.1667,70.57,83,27,9.71,MG,1654640192
Jamame,0.0722,42.7506,75.65,85,81,10.29,SO,1654640192
São Filipe,14.8961,-24.4956,74.7,77,3,4.83,CV,1654640192
Hilo,19.7297,-155.09,91.27,68,0,11.5,US,1654640193
Yuci,37.6803,112.7319,64.15,59,0,6.71,CN,1654640193
Punta Arenas,-53.15,-70.9167,42.91,65,75,11.5,CL,1654640056
Cidreira,-30.1811,-50.2056,63.34,82,97,7.92,BR,1654640193
Sur,22.5667,59.5289,85.44,64,2,12.35,OM,1654640194
Nara,34.6851,135.8049,64.96,60,9,0.56,JP,1654640194
Berlevåg,70.8578,29.0864,44.55,65,100,18.41,NO,1654640194
Cape Town,-33.9258,18.4232,69.12,57,1,1.01,ZA,1654639908
Boa Vista,2.8197,-60.6733,82.38,65,75,10.36,BR,1654640195
Hellvik,59.9156,5.781,58.77,84,92,5.99,NO,1654640195
Muros,42.7762,-9.0603,65.16,93,100,6.31,ES,1654640195
Chui,-33.6971,-53.4616,54.48,93,10,5.06,UY,1654640196
Jamestown,42.097,-79.2353,66.02,73,100,8.05,US,1654639974
Albany,42.6001,-73.9662,68.65,87,100,5.99,US,1654639975
Río Gallegos,-51.6226,-69.2181,40.32,64,56,11.52,AR,1654640066
Hermanus,-34.4187,19.2345,65.75,46,1,8.88,ZA,1654640196
Tieli,46.95,128.05,60.62,66,1,1.92,CN,1654640197
Guerrero Negro,27.9769,-114.0611,71.98,62,10,17.83,MX,1654640197
Yellowknife,62.456,-114.3525,73.56,25,95,8.99,CA,1654639975
Dikson,73.5069,80.5464,24.03,94,11,4.99,RU,1654640197
Necochea,-38.5473,-58.7368,57.76,55,91,12.24,AR,1654640198
Khatanga,71.9667,102.5,49.51,58,98,9.48,RU,1654640198
Tiksi,71.6872,128.8694,38.8,87,44,6.76,RU,1654640198
Port Alfred,-33.5906,26.891,64.11,57,16,11.16,ZA,1654640199
Mar del Plata,-38.0023,-57.5575,60.1,62,0,16.11,AR,1654640199
Choix,26.7092,-108.3219,99.97,20,50,8.57,MX,1654640199
Iqaluit,63.7506,-68.5145,55.13,50,75,12.66,CA,1654640199
Bambous Virieux,-20.3428,57.7575,71.22,88,40,6.91,MU,1654640200
Puerto Ayora,-0.7393,-90.3518,76.96,93,80,5.99,EC,1654640200
Koslan,63.4564,48.8989,53.6,90,100,6.76,RU,1654640200
Rocha,-34.4833,-54.3333,52.57,90,15,3.96,UY,1654640201
Norman Wells,65.282,-126.8329,55.44,54,75,6.91,CA,1654640201
Belmonte,-15.8631,-38.8828,72.19,83,7,5.12,BR,1654640201
Boquete,8.7833,-82.4333,62.2,95,99,0.78,PA,1654639975
Poum,-20.2333,164.0167,77.25,76,100,17.92,NC,1654640202
Butaritari,3.0707,172.7902,80.64,80,41,12.84,KI,1654640202
Tasiilaq,65.6145,-37.6368,41.16,65,98,1.66,GL,1654640203
Mae Ramat,16.984,98.5166,73.36,99,100,1.7,TH,1654640203
Avarua,-21.2078,-159.775,80.65,74,75,9.22,CK,1654640203
San Miguel de Tucumán,-26.8241,-65.2226,55.4,76,0,2.3,AR,1654640204
Sittwe,20.15,92.9,80.24,83,98,2.93,MM,1654640204
Pevek,69.7008,170.3133,37.44,76,19,2.51,RU,1654640204
Vostok,46.4856,135.8833,55.24,73,100,2.64,RU,1654640193
Lively,46.4334,-81.1498,61.02,71,100,8.37,CA,1654640205
Bluff,-46.6,168.3333,49.8,83,30,12.55,NZ,1654640205
Rikitea,-23.1203,-134.9692,72.57,54,2,12.5,PF,1654640205
Saint-Philippe,-21.3585,55.7679,69.39,84,56,9.37,RE,1654640206
Tiarei,-17.5333,-149.3333,84.22,77,17,10.49,PF,1654640206
Paamiut,61.994,-49.6678,36.34,89,39,4.88,GL,1654640206
Hobart,-42.8794,147.3294,41.25,83,40,4.61,AU,1654640207
Lorengau,-2.0226,147.2712,81.99,78,96,9.13,PG,1654640207
Port Hedland,-20.3167,118.5667,59.05,72,0,5.75,AU,1654640154
Fortuna,40.5982,-124.1573,68.94,71,0,14.97,US,1654640112
Faya,18.3851,42.4509,68.11,23,93,2.42,SA,1654640207
Dvinskoy Bereznik,62.8551,42.7072,43.92,82,4,3.49,RU,1654640208
Hamadan,34.7992,48.5146,69.24,21,74,6.8,IR,1654640208
Sarāhan,31.5167,77.8,61.36,37,0,6.04,IN,1654640208
Tondela,40.5167,-8.0833,61.59,86,100,1.77,PT,1654640209
Am Timan,11.0297,20.2827,87.75,34,68,5.91,TD,1654640209
Conceição do Araguaia,-8.2578,-49.2647,80.2,53,39,3.22,BR,1654640209
Lompoc,34.6391,-120.4579,80.74,67,0,25.01,US,1654640030
Souillac,-20.5167,57.5167,70.18,88,40,6.91,MU,1654640210
Cabo San Lucas,22.8909,-109.9124,87.62,54,0,3.44,MX,1654639966
Olafsvik,64.8945,-23.7142,50.7,81,100,3.65,IS,1654640210
Midyat,37.4247,41.3393,70.88,43,0,5.26,TR,1654640210
Khovd,48.0056,91.6419,48.22,68,31,2.98,MN,1654640211
Hong Kong,22.2855,114.1577,81.32,91,100,11.01,HK,1654640101
Port Lincoln,-34.7333,135.8667,54.7,69,100,6.13,AU,1654640211
Tegul'det,57.3064,88.1667,41.9,98,100,6.91,RU,1654640211
Longyearbyen,78.2186,15.6401,42.64,70,40,14.97,SJ,1654640212
Kavaratti,10.5669,72.642,82.94,73,100,13.04,IN,1654640212
Savannah Bight,16.45,-85.85,82.83,85,81,27.96,HN,1654640212
Waterloo,43.4668,-80.5164,60.78,89,59,7.0,CA,1654640052
Ancud,-41.8697,-73.8203,50.23,87,73,13.35,CL,1654640213
Puerto del Rosario,28.5004,-13.8627,69.55,83,0,13.8,ES,1654640213
Steinbach am Taunus,50.1667,8.5667,61.61,94,75,9.22,DE,1654640213
Constitución,-35.3333,-72.4167,54.14,85,3,5.46,CL,1654640001
Mildura,-34.2,142.15,42.08,93,34,8.28,AU,1654640214
Mombetsu,44.3525,143.3525,46.92,75,51,2.19,JP,1654640214
Pangnirtung,66.1451,-65.7125,42.8,81,40,9.22,CA,1654640214
Ankang,32.68,109.0172,71.65,78,100,0.31,CN,1654640215
Flin Flon,54.7682,-101.865,70.34,23,60,8.39,CA,1654639972
Codrington,-38.2667,141.9667,50.49,74,100,12.93,AU,1654640215
Castro,-24.7911,-50.0119,57.2,98,92,1.01,BR,1654640216
Bayan,46.0833,127.4,61.48,68,2,2.3,CN,1654640216
Portales,34.1862,-103.3344,90.34,43,19,8.72,US,1654640216
Isangel,-19.55,169.2667,73.51,94,75,2.3,VU,1654640216
Vaini,-21.2,-175.2,73.56,83,75,4.61,TO,1654640217
Bilibino,68.0546,166.4372,46.72,59,75,7.38,RU,1654640217
Tilichiki,60.4667,166.1,44.87,74,100,12.55,RU,1654640217
Killybegs,54.6333,-8.45,54.77,91,100,14.07,IE,1654640218
Ahipara,-35.1667,173.1667,60.96,82,68,5.86,NZ,1654640218
Aksarka,66.5606,67.7975,52.86,49,9,7.07,RU,1654640218
Broome,42.2506,-75.833,66.7,93,100,13.8,US,1654640219
Atuona,-9.8,-139.0333,78.03,70,7,13.69,PF,1654640219
San Quintín,30.4833,-115.95,68.86,68,2,12.73,MX,1654640219
Meïganga,6.5167,14.3,64.76,92,74,2.17,CM,1654640220
Batagay-Alyta,67.8006,130.4114,65.53,28,100,0.92,RU,1654639938
Torbay,47.6666,-52.7314,47.28,81,40,14.97,CA,1654640109
Coquimbo,-29.9533,-71.3436,56.93,88,75,10.36,CL,1654640111
Sokoni,-6.4333,39.55,79.41,76,13,19.73,TZ,1654640220
Mehamn,71.0357,27.8492,44.51,92,100,17.96,NO,1654640221
San Jose,37.3394,-121.895,89.91,44,75,16.11,US,1654640054
Narsaq,60.9167,-46.05,55.62,62,24,5.99,GL,1654640221
Tuktoyaktuk,69.4541,-133.0374,35.6,69,100,13.8,CA,1654640221
Lumphat,13.4878,106.9816,73.08,98,100,0.78,KH,1654640222
La Ronge,55.1001,-105.2842,63.0,37,88,8.81,CA,1654639978
Qaanaaq,77.484,-69.3632,30.34,91,70,4.09,GL,1654640222
Tuatapere,-46.1333,167.6833,48.45,86,50,0.89,NZ,1654640222
Agulu,6.11,7.0724,72.68,95,96,3.71,NG,1654640223
Lebu,-37.6167,-73.65,53.08,92,39,1.92,CL,1654640223
Upata,8.0086,-62.3989,75.2,91,35,5.39,VE,1654640223
Kangaatsiaq,68.3065,-53.4641,35.22,67,23,11.65,GL,1654640224
Saskylakh,71.9167,114.0833,45.99,73,28,10.2,RU,1654639935
Riyadh,24.6877,46.7219,91.54,7,0,6.76,SA,1654640128
Flinders,-34.5833,150.8552,50.38,64,1,11.01,AU,1654640224
Lagoa,39.05,-27.9833,64.51,94,100,17.02,PT,1654640225
San Rafael,-34.6177,-68.3301,60.51,23,0,11.86,AR,1654640225
Buala,-8.145,159.5921,82.35,78,77,11.43,SB,1654640225
Barrow,71.2906,-156.7887,28.42,80,100,13.8,US,1654640226
Sisimiut,66.9395,-53.6735,42.46,51,27,9.6,GL,1654640226
Ribeira Grande,38.5167,-28.7,65.7,95,99,11.52,PT,1654640226
Kasongo,-4.45,26.6667,70.43,63,94,3.47,CD,1654640169
Talnakh,69.4865,88.3972,34.21,97,100,2.53,RU,1654640227
Shiloh,38.5614,-89.8973,86.99,52,40,0.0,US,1654640227
Caluquembe,-13.7833,14.6833,51.67,48,29,1.9,AO,1654640228
Port Blair,11.6667,92.75,81.36,79,100,19.39,IN,1654640228
Vardø,70.3705,31.1107,42.78,87,100,8.05,NO,1654640229
Kirakira,-10.4544,161.9205,82.47,77,69,9.28,SB,1654640229
Mabaruma,8.2,-59.7833,75.58,92,100,5.35,GY,1654640230
Tautira,-17.7333,-149.15,78.35,78,30,10.92,PF,1654640180
Tsumeb,-19.2333,17.7167,54.18,42,0,10.04,NA,1654640230
Saint George,37.1041,-113.5841,102.79,13,0,5.99,US,1654640045
Husavik,66.0449,-17.3389,45.95,87,97,3.15,IS,1654640231
Carnarvon,-24.8667,113.6333,71.71,70,100,20.4,AU,1654640231
New Norfolk,-42.7826,147.0587,40.91,85,85,3.49,AU,1654640232
Hay River,60.8156,-115.7999,60.53,47,24,7.72,CA,1654639972
Prince Rupert,54.3161,-130.3201,62.94,56,99,4.18,CA,1654639990
Pisco,-13.7,-76.2167,64.45,82,100,10.36,PE,1654640232
Havøysund,70.9963,24.6622,44.83,85,100,30.4,NO,1654640233
Kaitangata,-46.2817,169.8464,46.81,79,100,6.26,NZ,1654640233
Merauke,-8.4667,140.3333,79.59,83,26,9.04,ID,1654640233
Kamina,-8.7386,24.9906,59.74,58,4,3.67,CD,1654640234
Bethel,41.3712,-73.414,71.49,75,100,3.0,US,1654640000
Bengkulu,-3.8004,102.2655,74.39,91,77,3.24,ID,1654640234
Hegang,47.4,130.3667,63.05,54,5,2.86,CN,1654640235
Hualmay,-11.0964,-77.6139,66.74,77,8,10.0,PE,1654640235
San Matías,-16.3667,-58.4,85.06,43,95,2.26,BO,1654640235
Nabire,-3.3667,135.4833,75.22,91,58,3.33,ID,1654640236
Talcahuano,-36.7167,-73.1167,53.28,100,100,4.61,CL,1654640236
Naze,28.3667,129.4833,70.72,79,100,1.61,JP,1654640236
Bac Lieu,9.285,105.7244,79.34,85,94,6.6,VN,1654639963
Half Moon Bay,37.4636,-122.4286,83.88,65,40,25.32,US,1654640025
Nanortalik,60.1432,-45.2371,41.14,83,97,4.63,GL,1654640237
Zhangjiakou,40.81,114.8794,56.17,82,4,4.27,CN,1654640237
Krasnosel'kup,65.7,82.4667,45.91,77,100,7.99,RU,1654640237
Anloga,5.7947,0.8973,81.23,76,50,15.93,GH,1654640238
Cirò Marina,39.3732,17.126,73.51,71,33,6.11,IT,1654640238
Korla,41.7597,86.1469,71.4,33,73,9.53,CN,1654640238
Smyrna,33.884,-84.5144,83.07,75,100,5.75,US,1654640217
Samarai,-10.6167,150.6667,82.47,76,91,9.4,PG,1654640239
Giehun,7.8833,-11.05,72.55,95,76,1.5,SL,1654640239
Aswān,24.0934,32.907,88.05,21,0,13.49,EG,1654640239
Ishinomaki,38.4167,141.3,53.6,91,100,9.01,JP,1654640075
George,-33.963,22.4617,63.95,42,0,6.91,ZA,1654640240
Saint-Pierre,-21.3393,55.4781,69.91,73,75,4.61,RE,1654640240
Kazachinskoye,57.6953,93.2761,41.14,86,91,5.23,RU,1654640240
Rudnyy,52.9594,63.1206,52.03,81,0,10.6,KZ,1654640241
Waipawa,-41.4122,175.5153,55.58,79,14,14.03,NZ,1654639944
Hithadhoo,-0.6,73.0833,82.65,69,100,5.5,MV,1654640241
Yangi Marg`ilon,40.4272,71.7189,74.12,38,0,9.22,UZ,1654640241
Mahébourg,-20.4081,57.7,71.26,88,40,6.91,MU,1654640242
Empório,40.4833,21.55,61.16,95,99,1.79,GR,1654640242
Novy Urengoy,66.0833,76.6333,50.43,58,41,13.35,RU,1654640242
Septèmes-les-Vallons,43.4,5.3667,72.77,46,0,12.66,FR,1654640243
Bandarbeyla,9.4942,50.8122,84.56,60,86,18.9,SO,1654640243
Te Anau,-45.4167,167.7167,47.73,88,72,3.98,NZ,1654640243
Vila Velha,-20.3297,-40.2925,73.94,62,0,4.61,BR,1654640244
Namtsy,62.7161,129.6658,64.81,58,50,5.77,RU,1654640244
Eirunepé,-6.6603,-69.8736,76.46,93,95,2.1,BR,1654640244
Ranfurly,-45.1333,170.1,45.1,82,100,4.36,NZ,1654640245
Shingū,33.7333,135.9833,66.18,64,55,2.64,JP,1654640245
Plouzané,48.3833,-4.6167,59.32,100,100,13.8,FR,1654640245
Ilo,-17.6394,-71.3375,62.8,84,70,4.18,PE,1654640246
Upernavik,72.7868,-56.1549,33.6,74,72,4.99,GL,1654640246
Channel-Port aux Basques,47.5702,-59.1367,50.65,53,0,11.95,CA,1654639975
Nome,64.5011,-165.4064,73.17,37,0,12.66,US,1654640246
Qaqortoq,60.7167,-46.0333,43.25,74,25,5.68,GL,1654640247
Goderich,43.7501,-81.7165,57.52,77,98,6.91,CA,1654640247
Oranjemund,-28.55,16.4333,66.78,37,0,8.32,NA,1654640023
Olinda,-8.0089,-34.8553,74.93,100,20,0.0,BR,1654640247
Pasco,28.292,-82.4165,93.45,62,21,5.01,US,1654640248
Aklavik,68.2191,-135.0107,42.57,64,100,11.54,CA,1654640248
Chokurdakh,70.6333,147.9167,42.01,53,9,12.17,RU,1654640249
Bytów,54.1706,17.4919,59.22,76,100,0.83,PL,1654640249
Goiana,-7.5606,-35.0025,75.72,93,61,2.82,BR,1654640196
Beringovskiy,63.05,179.3167,38.59,76,71,7.07,RU,1654640249
Yulara,-25.2406,130.9889,44.13,66,1,8.88,AU,1654640250
Kisangani,0.5167,25.2,72.99,71,93,1.45,CD,1654640250
Sorrento,40.626,14.3744,72.37,93,2,4.76,IT,1654640246
Mandalgovi,45.7625,106.2708,46.06,82,97,10.13,MN,1654640250
Ixtapa,20.7,-105.2,83.23,69,20,12.66,MX,1654640251
Ponta do Sol,32.6667,-17.1,74.03,83,0,2.39,PT,1654640251
Esperance,-33.8667,121.9,49.68,74,56,8.16,AU,1654640251
Mossamedes,-15.1961,12.1522,72.43,56,4,5.21,AO,1654640252
Chaves,33.3834,-104.4505,97.21,24,0,8.05,US,1654640252
Qui Nhon,13.7667,109.2333,79.66,78,100,5.01,VN,1654640252
Dharmadam,11.7833,75.4333,77.13,89,100,4.43,IN,1654640253
Geraldton,-28.7667,114.6,66.61,37,40,31.07,AU,1654640253
Udachny,66.4167,112.4,53.46,66,52,11.54,RU,1654640253
Araouane,18.9048,-3.5265,92.53,22,31,7.0,ML,1654640254
Imbituba,-28.24,-48.6703,62.85,99,100,6.46,BR,1654640162
Warrnambool,-38.3833,142.4833,47.8,72,100,14.56,AU,1654640254
Verkhnyaya Balkariya,43.1279,43.4573,54.52,90,57,2.21,RU,1654640254
Quilalí,13.567,-86.026,83.14,71,86,3.09,NI,1654640255
Boavita,6.3303,-72.5851,60.3,93,79,2.42,CO,1654640255
Tual,-5.6667,132.75,82.53,72,45,5.06,ID,1654640255
Rockport,28.0206,-97.0544,89.65,76,0,20.71,US,1654640153
Lata,40.1629,-8.3327,58.64,88,99,1.81,PT,1654640256
Moshupa,-24.7782,25.4155,53.74,50,0,1.88,BW,1654640256
Helena,46.5927,-112.0361,66.81,37,100,14.97,US,1654640147
Russell,32.3502,-85.1999,88.88,58,75,0.0,US,1654640124
Sfântu Gheorghe,45.8667,25.7833,59.27,86,18,3.49,RO,1654640256
Mgandu,-5.95,34.1333,56.16,83,71,6.38,TZ,1654640257
Pacific Grove,36.6177,-121.9166,80.55,76,20,9.22,US,1654640257
Clyde River,70.4692,-68.5914,43.03,75,75,4.61,CA,1654640257
Lexington-Fayette,38.0498,-84.4585,84.15,64,20,6.91,US,1654640209
Rundu,-17.9333,19.7667,50.22,49,0,6.71,NA,1654640258
Honiara,-9.4333,159.95,82.72,73,99,9.48,SB,1654640258
Asău,46.4333,26.4,58.28,99,57,3.47,RO,1654640258
São José da Coroa Grande,-8.8978,-35.1478,75.22,87,32,4.99,BR,1654640259
‘Āhuimanu,21.4447,-157.8378,85.75,58,75,18.41,US,1654640259
Ippy,6.2679,21.2247,72.55,85,98,4.0,CF,1654640259
Port Hardy,50.6996,-127.4199,64.58,59,75,3.44,CA,1654640260
Airai,-8.9266,125.4092,58.64,86,100,3.33,TL,1654640260
Bud,39.447,-86.1758,81.41,77,95,8.41,US,1654640260
Biltine,14.5333,20.9167,90.3,13,5,14.47,TD,1654640261
Lyantonde,-0.4031,31.1572,61.66,88,62,4.09,UG,1654640261
Guiratinga,-16.3494,-53.7583,78.98,47,88,2.64,BR,1654640261
Salalah,17.0151,54.0924,84.29,79,40,6.91,OM,1654640262
Manturovo,58.3353,44.7619,48.29,84,100,11.1,RU,1654640262
Nouadhibou,20.931,-17.0347,71.58,78,42,21.85,MR,1654640262
Acarí,-15.4311,-74.6158,68.11,78,61,4.81,PE,1654640262
Kudahuvadhoo,2.6708,72.8944,81.07,74,100,7.74,MV,1654640263
Launceston,-41.45,147.1667,41.34,90,29,6.91,AU,1654640263
Takapau,-40.0333,176.35,58.73,87,3,3.24,NZ,1654640263
Gondanglegi,-7.7479,112.0132,74.8,94,99,2.57,ID,1654640264
Tezu,27.9167,96.1667,77.27,80,100,2.51,IN,1654640264
Polovinnoye,54.7914,65.9864,57.78,92,26,7.07,RU,1654640264
Akdepe,42.0551,59.3788,84.6,18,97,11.3,TM,1654640265
Yueyang,29.3333,113.0919,75.18,77,66,1.66,CN,1654640265
Oktyabr'skoye,43.0645,44.7417,60.35,93,100,4.47,RU,1654640265
Sola,-13.8833,167.55,81.34,67,85,21.54,VU,1654640266
Badou,7.5833,0.6,73.47,87,27,1.61,TG,1654640266
Tazovsky,67.4667,78.7,41.47,56,98,5.88,RU,1654640266
Maragogi,-9.0122,-35.2225,74.71,88,22,4.72,BR,1654640267
Maryborough,-25.5333,152.7,52.11,70,15,5.14,AU,1654640267
Machalí,-34.1833,-70.6667,54.68,76,0,10.36,CL,1654640212
Abu Samrah,35.3029,37.1841,70.0,66,0,8.23,SY,1654640267
Matamoros,25.5333,-103.25,102.31,13,40,6.91,MX,1654640268
Saint Anthony,45.0205,-93.218,69.66,51,100,9.22,US,1654640268
Inverell,-29.7833,151.1167,42.67,87,7,1.01,AU,1654640268
Dongkan,33.9997,119.8308,63.37,76,18,6.51,CN,1654640268
Arlit,18.7369,7.3853,91.06,11,77,11.27,NE,1654640269
Betanzos,43.2804,-8.2147,66.09,83,75,13.8,ES,1654640269
Dandong,40.1292,124.3947,60.66,75,96,1.61,CN,1654640269
Gryazovets,58.88,40.2525,43.36,86,9,6.08,RU,1654640270
Egvekinot,66.3167,-179.1667,43.05,45,74,4.68,RU,1654640270
Kiama,-34.6833,150.8667,51.01,64,1,18.01,AU,1654640270
Abhā,18.2164,42.5053,67.82,55,0,0.0,SA,1654640271
Pop,40.8736,71.1089,75.69,33,0,3.56,UZ,1654640271
Dolinsk,47.35,142.8,46.06,73,30,3.56,RU,1654640271
Scottsbluff,41.8666,-103.6672,74.79,57,0,10.36,US,1654640272
Leningradskiy,69.3833,178.4167,36.34,74,47,12.01,RU,1654640272
Huanren,41.2647,125.3667,56.95,88,71,1.07,CN,1654640272
Brae,60.3964,-1.353,48.11,75,99,17.29,GB,1654640272
Bam,29.106,58.357,85.84,12,42,4.72,IR,1654640273
Vestmannaeyjar,63.4427,-20.2734,50.07,85,100,21.52,IS,1654640273
Sergeevka,53.88,67.4158,63.86,74,100,6.44,KZ,1654640274
Lubango,-14.9172,13.4925,53.2,44,21,2.95,AO,1654640274
Alofi,-19.0595,-169.9187,78.69,69,40,8.05,NU,1654640274
Namatanai,-3.6667,152.4333,80.6,78,99,5.41,PG,1654640274
Vao,-22.6667,167.4833,75.16,73,100,15.26,NC,1654640275
Carutapera,-1.195,-46.02,74.86,93,93,5.79,BR,1654640275
Cockburn Town,21.4612,-71.1419,84.16,70,40,13.8,TC,1654640275
Acaraú,-2.8856,-40.12,77.22,85,99,8.88,BR,1654640276
Karratha,-20.7377,116.8463,65.07,49,95,15.17,AU,1654640150
Deputatsky,69.3,139.9,47.95,42,13,6.2,RU,1654640276
Pucallpa,-8.3791,-74.5539,80.64,89,75,6.91,PE,1654640276
Xam Nua,20.4197,104.0439,66.51,98,100,2.17,LA,1654640277
East London,-33.0153,27.9116,63.0,59,14,7.16,ZA,1654640277
Ruteng,-8.6136,120.4721,60.28,89,35,1.48,ID,1654640277
Warsaw,52.2298,21.0118,65.97,91,0,5.75,PL,1654640278
Thinadhoo,0.5333,72.9333,82.56,68,100,4.94,MV,1654640278
Kerema,-7.9631,145.7785,79.21,84,45,3.71,PG,1654640278
Saint-Augustin,51.226,-58.6502,62.17,27,1,8.99,CA,1654640262
Durusu,41.3053,28.6767,65.84,87,7,1.99,TR,1654640279
Noumea,-22.2763,166.4572,80.58,99,98,3.06,NC,1654640054
Klaksvík,62.2266,-6.589,45.52,73,100,17.76,FO,1654640279
Taywarah,33.35,64.4167,51.53,24,1,5.66,AF,1654640279
Iskateley,67.6803,53.1512,59.49,53,52,8.14,RU,1654640280
Cayenne,4.9333,-52.3333,81.09,1,75,5.75,GF,1654640183
Maubin,16.7333,95.65,75.88,91,100,8.63,MM,1654640280
Lucea,18.451,-78.1736,85.86,76,88,8.63,JM,1654640281
Petropavlovsk-Kamchatskiy,53.0452,158.6483,45.19,81,75,6.71,RU,1654640281
Northam,51.0333,-4.2167,59.4,94,100,13.94,GB,1654640281
Hearst,49.6835,-83.6665,66.45,68,92,5.99,CA,1654640282
Mae Sai,20.4335,99.8762,73.2,99,100,1.19,TH,1654640282
Dhidhdhoo,6.8833,73.1,82.31,75,97,13.47,MV,1654640282
Ouadda,8.0777,22.4007,73.17,78,96,4.38,CF,1654640282
Ormskirk,53.5668,-2.8818,60.39,89,99,13.53,GB,1654640283
Jacareacanga,-6.2222,-57.7528,73.87,96,19,1.61,BR,1654640283
Kruisfontein,-34.0033,24.7314,61.02,35,0,7.99,ZA,1654640240
Barraute,48.4335,-77.6328,61.07,99,100,2.66,CA,1654640284
Kununurra,-15.7667,128.7333,75.18,50,91,6.91,AU,1654640084
Zhuji,29.7188,120.2423,65.82,90,44,1.48,CN,1654640284
Ulaangom,49.9811,92.0667,49.6,57,35,2.55,MN,1654640284
Forsytheganj,52.6333,29.7333,59.59,83,54,3.44,BY,1654640285
Gilgit,35.9221,74.3087,68.14,68,93,2.21,PK,1654640285
Tommot,58.9564,126.2925,64.69,70,59,2.42,RU,1654640285
Evanston,42.0411,-87.6901,77.52,64,20,9.22,US,1654640244
Woodward,36.4337,-99.3904,88.83,55,0,8.05,US,1654640286
Port Augusta,-32.5,137.7667,52.45,66,73,5.79,AU,1654640286
Kavieng,-2.5744,150.7967,82.42,74,97,9.01,PG,1654640286
Severo-Kuril'sk,50.6789,156.125,45.05,84,96,9.86,RU,1654640287
Acapulco de Juárez,16.8634,-99.8901,84.02,70,75,9.22,MX,1654640151
Ardeşen,41.1911,40.9875,66.83,88,33,2.91,TR,1654640287
Ryōtsu-minato,38.0833,138.4333,60.48,86,100,2.62,JP,1654640287
Comodoro Rivadavia,-45.8667,-67.5,51.66,50,0,16.11,AR,1654640288
Barpeta,26.3167,91.0,77.5,92,100,3.83,IN,1654640288
Banjarmasin,-3.3244,114.591,73.54,96,83,3.22,ID,1654640288
Awjilah,29.1081,21.2869,80.58,46,0,11.18,LY,1654640289
Banda Aceh,5.5577,95.3222,80.44,79,100,5.86,ID,1654640289
Eniwa,42.8779,141.5442,58.64,61,75,13.8,JP,1654640289
Pringsewu,-5.3582,104.9744,72.66,97,95,0.92,ID,1654640290
Arcos,-20.2819,-45.5394,65.46,54,9,5.08,BR,1654640290
Ilulissat,69.2167,-51.1,37.89,61,11,4.25,GL,1654640281
Marabu,4.4148,114.0089,73.54,100,20,0.0,MY,1654640290
Sabang,5.8933,95.3214,82.65,76,100,10.63,ID,1654640228
Nadvoitsy,63.8667,34.3167,51.12,77,28,5.08,RU,1654640291
Caravelas,-17.7125,-39.2481,69.91,86,1,6.4,BR,1654640291
Taoudenni,22.6783,-3.9836,100.49,13,78,6.04,ML,1654640292
Pitangui,-19.6828,-44.8903,65.84,53,18,2.15,BR,1654640292
Dondo,-19.6094,34.7431,71.11,75,93,8.86,MZ,1654640292
Nemuro,43.3236,145.575,45.55,82,100,8.03,JP,1654640293
Visnes,59.3556,5.2242,55.22,94,75,5.75,NO,1654640293
Agüimes,27.9054,-15.4461,69.66,73,20,27.63,ES,1654640293
Anáhuac,27.2333,-100.15,109.2,12,3,22.35,MX,1654640294
Kloulklubed,7.0419,134.2556,79.3,73,45,8.75,PW,1654640294
Konstantinovka,49.6167,127.9833,63.25,64,8,4.99,RU,1654640294
Mwinilunga,-11.7358,24.4293,53.51,61,0,8.25,ZM,1654640295
San Cristobal,7.7669,-72.225,75.38,66,39,3.65,VE,1654640155
Kungurtug,50.5994,97.5228,39.4,52,93,0.92,RU,1654640295
Port Saint Lucie,27.2939,-80.3503,86.02,84,43,10.69,US,1654640155
Quelimane,-17.8786,36.8883,67.95,94,75,6.91,MZ,1654640295
Şurmān,32.7567,12.5716,81.45,48,100,9.35,LY,1654640296
Hasaki,35.7333,140.8333,61.29,83,100,13.87,JP,1654640296
Sungai Penuh,-2.0833,101.3833,63.12,97,53,2.73,ID,1654640296
Dryden,49.7833,-92.7503,57.49,72,100,20.71,CA,1654640297
Chapais,49.7834,-74.8492,55.18,96,100,12.44,CA,1654640297
Sørland,67.667,12.6934,42.66,64,94,17.54,NO,1654640297
Sirte,31.2089,16.5887,76.15,70,0,5.77,LY,1654640298
Sechura,-5.5569,-80.8222,73.4,61,81,13.98,PE,1654640298
Kinkala,-4.3614,14.7644,70.79,62,82,2.73,CG,1654640298
Birjand,32.8663,59.2211,72.48,17,0,5.14,IR,1654640298
San Patricio,28.017,-97.5169,94.15,46,3,20.2,US,1654640299
Richards Bay,-28.783,32.0377,61.02,73,1,4.5,ZA,1654640299
Cape Canaveral,28.4058,-80.6048,87.8,73,0,12.66,US,1654640262
Iquique,-20.2208,-70.1431,62.64,81,48,2.46,CL,1654640299
Khani,41.9563,42.9566,60.37,97,67,2.73,GE,1654640300
Mahajanga,-15.7167,46.3167,69.82,78,20,3.44,MG,1654640300
Kahului,20.8947,-156.47,89.62,56,20,18.41,US,1654640094
Dublin,37.7021,-121.9358,92.25,38,0,14.97,US,1654640300
Hobyo,5.3505,48.5268,80.8,69,95,17.18,SO,1654640301
Fenoarivo Atsinanana,-17.3667,49.4167,69.17,89,50,7.4,MG,1654640301
Nānākuli,21.3906,-158.1547,85.98,54,75,14.97,US,1654640301
Touros,-5.1989,-35.4608,76.69,80,100,9.19,BR,1654640302
Chippewa Falls,44.9369,-91.3929,72.97,42,71,5.23,US,1654639802
Maumere,-8.6199,122.2111,78.62,80,29,1.68,ID,1654640302
Srednekolymsk,67.45,153.6833,43.07,53,29,7.78,RU,1654640302
Celestún,20.8667,-90.4,84.85,74,98,13.82,MX,1654640303
Hirara,24.8,125.2833,75.47,94,75,4.61,JP,1654640256
Umm Kaddadah,13.6017,26.6876,86.25,13,75,12.46,SD,1654640303
São Félix do Xingu,-6.6447,-51.995,78.42,70,81,2.64,BR,1654640303
Sapa,5.1544,120.3241,80.91,79,23,3.76,PH,1654640304
Baykit,61.67,96.37,41.13,95,13,1.95,RU,1654640304
Kashgar,39.4547,75.9797,78.01,20,40,11.18,CN,1654640304
Lusambo,-4.9667,23.45,69.4,57,14,2.04,CD,1654640305
Chardara,41.2547,67.9692,77.45,31,0,5.48,KZ,1654640305
Bétérou,9.1992,2.2586,79.34,62,53,2.93,BJ,1654640305
Santa Cruz de la Sierra,-17.8,-63.1667,71.65,73,40,8.05,BO,1654640306
Ust'-Uda,54.1742,103.0304,41.83,79,3,2.1,RU,1654640306
Bambanglipuro,-7.95,110.2833,75.6,88,45,3.96,ID,1654640306
Palana,59.1167,159.9667,46.0,73,99,0.43,RU,1654640307
Healdsburg,38.6105,-122.8692,93.11,41,40,12.66,US,1654640032
Dodge City,37.7528,-100.0171,86.25,49,40,10.36,US,1654640307
Lac du Bonnet,50.2536,-96.0612,66.09,36,0,10.8,CA,1654640111
Adrar,20.5022,-10.0711,94.08,13,88,10.74,MR,1654640307
Nizhnyaya Tavda,57.6731,66.1725,54.45,94,100,19.08,RU,1654640308
Rottingdean,50.8098,-0.0594,59.29,94,96,8.99,GB,1654640308
Chimbote,-9.0853,-78.5783,66.81,76,17,8.32,PE,1654640308
Pauini,-7.7136,-66.9764,76.77,86,97,0.67,BR,1654640309
Parnaíba,-2.9047,-41.7767,80.55,100,75,0.0,BR,1654640309
Tamandaré,-8.7597,-35.1047,75.04,87,51,4.52,BR,1654640309
Martapura,-3.4167,114.85,73.49,100,81,2.3,ID,1654640310
Chlórakas,34.8042,32.4083,72.48,83,20,5.75,CY,1654640310
Klyuchi,52.2667,79.1667,59.76,48,90,7.34,RU,1654640310
Katsuura,35.1333,140.3,62.85,87,100,15.55,JP,1654640311
Ulladulla,-35.35,150.4667,47.3,62,3,11.48,AU,1654640311
Lüderitz,-26.6481,15.1594,67.8,31,0,6.15,NA,1654640311
Ketchikan,55.3422,-131.6461,63.07,59,0,9.22,US,1654640311
Inuvik,68.3499,-133.7218,39.96,60,100,13.8,CA,1654640110
Labuhan,-6.8844,112.2051,78.62,86,76,4.9,ID,1654640312
Padang,-0.9492,100.3543,75.25,88,90,4.09,ID,1654640312
Gemeente Stadskanaal,52.9833,6.95,53.94,93,22,6.38,NL,1654640312
Molteno,-31.3968,26.3625,45.45,47,1,3.31,ZA,1654640313
Walvis Bay,-22.9575,14.5053,74.08,26,0,9.22,NA,1654640313
Alta Floresta,-9.8756,-56.0861,80.42,69,20,1.14,BR,1654640313
Beyneu,45.3167,55.2,72.14,47,97,9.4,KZ,1654640269
Polyarnyye Zori,67.3661,32.4981,44.15,82,2,1.52,RU,1654640314
Hambantota,6.1241,81.1185,78.64,83,100,15.93,LK,1654640314
Kandiaro,27.0601,68.2091,88.88,40,0,16.08,PK,1654640314
Pirmasens,49.2015,7.6053,59.05,96,3,5.66,DE,1654640315
Balabac,7.9868,117.0645,80.98,76,32,3.4,PH,1654640315
Tondi,9.7333,79.0167,83.28,68,100,9.51,IN,1654640315
Avera,33.194,-82.5271,87.55,52,95,4.36,US,1654640316
Kanniyākumāri,8.0833,77.5667,79.25,85,100,17.87,IN,1654640316
Verkhnevilyuysk,63.4453,120.3167,60.94,64,53,3.18,RU,1654640316
Trebur,49.9311,8.4161,62.69,97,75,9.22,DE,1654640317
Mikhaylovka,50.06,43.2379,57.7,76,38,4.59,RU,1654640317
Zanjān,36.6736,48.4787,68.16,34,23,9.04,IR,1654640317
Aktau,43.65,51.2,64.98,58,13,11.21,KZ,1654640318
Khomeyn,33.6423,50.0789,71.8,17,98,3.85,IR,1654640318
Arrondissement d'Ajaccio,42.0,8.9167,75.25,73,0,2.3,FR,1654640285
Leh,34.1667,77.5833,50.86,53,54,4.81,IN,1654640318
Mora,11.0461,14.1401,88.11,19,2,4.7,CM,1654640319
Huittinen,61.1833,22.7,56.41,72,99,3.91,FI,1654640319
Dawei,14.0833,98.2,75.25,94,100,3.4,MM,1654640319
Camopi,3.1655,-52.3158,72.88,98,65,3.29,GF,1654640320
Balyqshy,47.0667,51.8667,59.0,55,0,6.71,KZ,1654640320
Laas,46.6166,10.7002,56.28,90,48,6.58,IT,1654640320
Beruwala,6.4788,79.9828,78.17,86,100,8.23,LK,1654640321
Yeppoon,-23.1333,150.7333,55.18,55,10,7.38,AU,1654640321
Portland,45.5234,-122.6762,76.77,50,100,8.05,US,1654640175
Binzhou,37.3667,118.0167,63.7,74,99,11.48,CN,1654640321
Creston,41.0586,-94.3614,78.76,53,40,6.91,US,1654640322
Emba,48.8264,58.1442,60.55,61,8,7.14,KZ,1654640322
Chiang Khong,20.2613,100.4046,72.99,99,100,1.03,TH,1654640322
Raudeberg,61.9875,5.1352,54.27,85,99,23.0,NO,1654640323
Halifax,44.6453,-63.5724,70.7,61,21,11.99,CA,1654640039
Seydi,39.4816,62.9137,84.02,11,6,3.11,TM,1654640323
Molochnoye,59.2917,39.6787,44.24,85,4,6.15,RU,1654640323
Moussoro,13.6408,16.4901,91.36,14,1,11.07,TD,1654640324
Uvalde,29.3669,-99.767,104.32,23,0,13.8,US,1654640324
Newport,51.5877,-2.9984,60.46,88,100,1.99,GB,1654640324
Pendleton,45.6721,-118.7886,79.79,46,0,10.36,US,1654640324
Homer,59.6425,-151.5483,55.29,81,100,8.01,US,1654640325
Pachmarhi,22.4667,78.4333,79.07,25,21,5.39,IN,1654640325
Rio Grande,-32.035,-52.0986,57.31,88,1,7.78,BR,1654640325
Hamilton,39.1834,-84.5333,81.9,70,40,12.66,US,1654640234
Gizo Government Station,-8.103,156.8419,82.92,72,80,9.46,SB,1654640326
Krasnyy Yar,46.5331,48.3456,68.97,46,0,7.49,RU,1654640326
Bilma,18.6853,12.9164,90.5,13,3,10.16,NE,1654640327
Ishigaki,24.3448,124.1572,77.13,100,100,4.61,JP,1654640327
Mogadishu,2.0371,45.3438,78.98,81,51,19.28,SO,1654640327
Monrovia,6.3005,-10.7969,77.54,80,40,6.89,LR,1654640327
Mokhotlong,-29.2894,29.0675,42.19,60,1,1.19,LS,1654640328
Kayerkan,69.3497,87.7602,33.53,100,100,3.62,RU,1654640328
Kushmurun,52.4503,64.6311,59.45,83,93,8.23,KZ,1654640328
Chowchilla,37.123,-120.2602,101.03,9,83,14.14,US,1654640329
Igarka,67.4667,86.5833,43.07,84,100,7.54,RU,1654640329
Kedrovyy,56.1667,91.8167,30.61,72,99,5.23,RU,1654640329
Palmer,42.1584,-72.3287,74.77,55,100,5.99,US,1654640036
Begoro,6.3871,-0.3774,69.64,95,40,4.36,GH,1654640330
Wukari,7.85,9.7833,77.5,76,77,5.44,NG,1654640330
Whitehorse,60.7161,-135.0538,63.81,34,75,18.41,CA,1654640330
Soeng Sang,14.4264,102.4606,73.72,90,100,4.32,TH,1654640331
Severo-Yeniseyskiy,60.3725,93.0408,39.76,78,95,3.76,RU,1654640331
Sawākin,19.1059,37.3321,84.24,62,0,2.26,SD,1654640331
Dingle,10.9995,122.6711,76.75,89,64,2.21,PH,1654640332
Sainte-Rose,16.3324,-61.6979,82.44,69,20,11.5,GP,1654640332
Ossora,59.2353,163.0719,44.33,88,100,10.76,RU,1654640332
Zheleznodorozhnyy,55.7503,38.0042,57.22,61,20,2.66,RU,1654640333
Sitka,57.0531,-135.33,64.29,45,20,8.05,US,1654640333
Øksfjord,70.2396,22.3479,44.78,89,100,8.77,NO,1654640333
Finschhafen,-6.6024,147.8681,81.1,74,100,4.61,PG,1654640334
Birin,26.8865,88.0718,63.57,92,92,3.2,NP,1654640334
Santa Cruz de Tenerife,28.4682,-16.2546,70.63,87,20,12.66,ES,1654640334
Lerwick,60.1545,-1.1494,50.0,76,97,19.37,GB,1654640335
Kismayo,-0.3582,42.5454,78.06,80,89,16.82,SO,1654640335
Iralaya,15.0,-83.2333,82.58,82,17,12.71,HN,1654640335
Mormugao,15.4,73.8,80.6,78,62,3.22,IN,1654640335
Stykkisholmur,65.0757,-22.7297,49.55,87,100,2.35,IS,1654640336
Maturin,9.75,-63.1767,77.45,85,96,7.76,VE,1654640336
Zeya,53.75,127.2667,66.69,65,23,1.43,RU,1654640336
Coffs Harbour,-30.3,153.1333,48.16,81,0,3.44,AU,1654640337
Fort Nelson,58.8053,-122.7002,63.99,59,75,9.22,CA,1654640337
Mitsamiouli,-11.3847,43.2844,78.3,70,14,5.7,KM,1654640337
Novyy Buyan,53.6861,50.0469,53.76,68,5,18.14,RU,1654640338
Santa Cruz de La Palma,28.6835,-17.7642,69.94,73,40,12.66,ES,1654640197
Karpogory,64.0019,44.4451,45.05,74,44,4.68,RU,1654640338
Xinzhou,38.4092,112.7333,60.84,63,22,2.15,CN,1654640338
Luleå,65.5842,22.1547,48.27,76,0,2.3,SE,1654640190
Yuanping,38.7153,112.7575,59.4,67,28,2.17,CN,1654640339
Ust'-Ilimsk,58.0006,102.6619,47.71,71,100,2.75,RU,1654640339
Filimonovo,56.2011,95.4611,40.71,78,31,3.33,RU,1654640339
Chandler,33.3062,-111.8412,108.25,17,0,11.5,US,1654639791
Mattawa,46.7379,-119.9028,79.02,29,73,7.0,US,1654640340
Tervel Municipality,43.75,27.4,62.24,96,89,5.26,BG,1654640340
Itarema,-2.9248,-39.9167,76.39,88,99,8.55,BR,1654640340
Tambopata,-12.7333,-69.1833,74.8,89,86,2.15,PE,1654640341
Kamenka,51.3223,42.7678,52.09,83,24,5.95,RU,1654640341
Ballina,-28.8667,153.5667,53.78,68,0,11.81,AU,1654640341
Wilkie,52.4168,-108.7014,68.38,31,98,0.63,CA,1654640342
Evensk,61.95,159.2333,50.22,74,100,11.59,RU,1654640342
Sabha,27.0377,14.4283,86.5,16,0,5.77,LY,1654640342
Río Cuarto,-33.1307,-64.3499,62.37,45,0,6.91,AR,1654640342
Waxahachie,32.3865,-96.8483,97.12,54,0,14.97,US,1654640343
Gladstone,-23.85,151.25,56.79,58,18,4.61,AU,1654640343
Kiryat Gat,31.61,34.7642,77.4,75,0,2.73,IL,1654640343
Cooma,-36.2333,149.1333,33.69,81,47,7.31,AU,1654640344
Anadyr,64.75,177.4833,46.9,70,20,11.18,RU,1654640344
Haftoni,38.7632,48.7622,65.91,68,40,4.61,AZ,1654640344
Cap Malheureux,-19.9842,57.6142,71.47,76,26,5.01,MU,1654640345
Lagos,6.5833,3.75,82.72,83,39,5.17,NG,1654640322
Leshukonskoye,64.8989,45.7622,46.87,74,38,4.45,RU,1654640345
Nelson,-41.2833,173.2833,54.28,100,21,1.99,NZ,1654640346
Camaná,-16.6228,-72.7111,63.91,87,97,4.7,PE,1654640346
Markova,48.6758,24.4138,58.05,81,52,4.34,UA,1654640346
Pasni,25.2631,63.471,81.37,83,0,13.69,PK,1654640346
Sena Madureira,-9.0656,-68.6569,79.81,73,100,1.57,BR,1654640347
Kovylkino,54.0388,43.9139,49.26,79,46,7.94,RU,1654640347
Lewistown,40.5992,-77.5714,70.25,100,100,8.05,US,1654640347
